model,RMSE,MAE,R2,APE
Linear Regression,0.569363547977082,0.4797783184588876,0.9497896570111269,1.2427040521764676
Decision Tree,4.629690968254627,3.9623076923076925,-2.3198455203126915,10.80931938231177
XGBoost,4.300974637384805,3.5055140803410456,-1.8651517765138577,9.634955791899701
SVR,7.0671950908042875,6.741333274249181,-6.735849825520243,18.039467859483366
Ridge Regression,0.3200932943703971,0.2519079916780811,0.984130361926882,0.6749027930132335
Lasso Regression,2.5724492709943227,2.4553874004746237,-0.02496139525598684,6.510683481411776
Elastic Net Regression,1.8342308041983444,1.7356055698719983,0.47889908552852467,4.616133834451712
